ACCIDENT_ID,LOCATE_ID_DISTRICT,ACCIDENT_MONTH,ACCIDENT_YEAR,ACCIDENT_COST,HUMAN_ADMIT,HUMAN_DEAD,ROADTYPE_ID,ROADSKIN_ID,ACDPOINT_ID,ATMOSPHERE_ID,LIGHT_ID,GIS_E,GIS_N,GIS_LAT,GIS_LNG,PERSON_GENDER,PERSON_AGE,PERSON_STATE,LOCATE_PROVINCE,LOCATE_DOMICILE,ACCIDENT_VEHICLE
11818,100949,12,6,0,0,0,City road (municipality),Dry,crossroad,Rain,Day,681768,1824441,16.4948471,100.7029434,Female,15,Injured,1071,1071,pick up
14166,100952,12,6,0,0,0,Roads in Village,Dry,crossroad,Rain,Day,681768,1824441,16.4948471,100.7029434,Male,18,Injured,1071,1071,Van
43651,100949,5,13,50000,1,0,Roads in Village,Wet,Curve,Rain,Day,617254,1851766,16.74586459,100.100035,Male,42,Died later,1071,1071,Sedan/Taxi
674,100958,4,14,10000,1,0,City road (municipality),Dry,crossroad,Foggy,Day,652947,1861123,16.82836652,100.4354618,Male,70,Injured,1071,1071,motorcycle
1776,100949,4,5,0,0,0,City road (municipality),Dry,crossroad,Foggy,Day,622385,1858550,16.80691566,100.1485336,Female,16,Injured,1071,1071,pick up
1876,100947,4,17,5000,1,0,Rural Roads,Dry,crossroad,Foggy,Day,669895,1885078,17.04365328,100.5963068,Female,20,Injured,1071,1071,Sedan/Taxi
1916,100959,4,14,0,1,0,Highways Road,Waves / potholes,crossroad,Foggy,Day,646572,1879572,16.99549945,100.3768533,Female,16,Injured,1071,1071,motorcycle
3240,100965,6,13,0,1,0,Not specified,Waves / potholes,crossroad,Foggy,Day,700222,1893884,17.12077391,100.8819494,Male,41,Died later,1071,1071,motorcycle
4016,100946,4,6,59000,0,0,Roads in Village,Dry,crossroad,Foggy,Day,653038,1859960,16.8178507,100.4362364,Male,60,Died later,1071,1071,Sedan/Taxi
4061,100953,4,14,60000,1,0,Roads in Village,Dry,crossroad,Foggy,Day,653619,1858073,16.80076002,100.4415589,Male,49,Died later,1071,1071,Sedan/Taxi
4087,100958,4,5,0,0,0,City road (municipality),Dry,crossroad,Foggy,Day,619243,1852732,16.75449503,100.1187435,Male,56,Died later,1071,1071,pick up
4370,100953,4,6,60000,0,0,Roads in Village,Dry,crossroad,Foggy,Day,641365,1878362,16.98488926,100.3278731,Male,27,Died later,1071,1071,Sedan/Taxi
4485,100949,4,5,0,0,0,City road (municipality),Dry,crossroad,Foggy,Day,631326,1842378,16.66027273,100.2314885,Female,49,Injured,1071,1071,motorcycle
5309,100949,4,17,15000,3,0,Roads in Village,Dry,crossroad,Foggy,Day,695241,1885777,17.04795857,100.8344324,Male,17,Injured,1071,1071,Bus
6099,100952,3,17,3500,1,0,Highways Road,Dry,crossroad,Rain,Day,696017,1890393,17.08959721,100.84213,Male,43,Injured,1071,1071,pick up
6375,100956,4,17,5000,1,0,Rural Roads,Dry,crossroad,Rain,Day,704939,1900720,17.18211515,100.9269051,Male,22,Injured,1071,1071,motorcycle
6712,100960,6,13,0,1,0,Rural Roads,Wet,crossroad,Rain,Day,636981,1859532,16.81498013,100.2855472,Male,19,Injured,1071,1071,motorcycle
6934,100949,4,6,65000,0,0,City road (municipality),Wet,crossroad,Rain,Day,707445,1875400,16.9531421,100.9480819,Male,25,Injured,1071,1071,motorcycle
7261,100949,4,5,0,0,0,City road (municipality),Wet,crossroad,Rain,Day,707445,1875400,16.9531421,100.9480819,Male,25,Injured,1071,1071,motorcycle
7491,100951,12,5,0,0,0,City road (municipality),Dry,crossroad,Rain,Day,621121,1851546,16.74367968,100.1362969,Male,79,Died later,1071,1071,motorcycle
7550,100953,4,5,15000,0,0,Highways Road,Wet,crossroad,Rain,Day,621121,1851546,16.74367968,100.1362969,Male,15,Injured,1071,1071,pick up
7874,100947,8,14,40000,1,0,Roads in Village,Dry,crossroad,Rain,Day,684499,1890478,17.0913199,100.7339304,Female,31,Injured,1071,1071,motorcycle
9117,100949,8,14,50000,1,0,Highways Road,Wet,crossroad,Rain,Day,700456,1901838,17.19261381,100.8848734,Male,38,Injured,1071,1071,Sedan/Taxi
9240,100955,4,14,59000,1,0,City road (municipality),Dry,crossroad,Rain,Day,700456,1901838,17.19261381,100.8848734,Male,8,Died later,1071,1071,motorcycle
11150,100951,4,5,0,0,0,Highways Road,Dry,crossroad,Rain,Day,638412,1829362,16.54223441,100.2971348,Male,24,Injured,1071,1071,Truck
13777,100949,4,5,0,0,0,City road (municipality),Wet,crossroad,Rain,Day,595658,1839511,16.63607573,99.89693221,Male,53,Injured,1071,1071,motorcycle
17545,100950,1,7,0,0,0,City road (municipality),Dry,crossroad,Rain,Day,648460,1900373,17.18335275,100.3959838,Male,20,Died later,1071,1071,motorcycle
17806,100953,4,7,3000,0,0,Not specified,Wet,crossroad,Rain,Day,674171,1913912,17.30386855,100.6387595,Male,21,Injured,1071,1071,motorcycle
20429,100949,4,6,60000,0,0,Rural Roads,Dry,crossroad,Rain,Day,642796,1881198,17.01043035,100.3414945,Male,54,Injured,1071,1071,motorcycle
20753,100943,4,5,0,0,0,Rural Roads,Dry,crossroad,Rain,Day,674204,1913817,17.30300763,100.6390623,Male,22,Injured,1071,1071,motorcycle
22200,100949,12,14,70000,1,0,Roads in Village,Dry,crossroad,Rain,Day,696012,1891828,17.10256252,100.8422105,Female,57,Injured,1071,1071,motorcycle
23329,100949,11,14,70000,1,0,Rural Roads,Dry,crossroad,Rain,Day,693788,1935896,17.50089165,100.82524,Male,27,Injured,1071,1071,motorcycle
23909,100949,7,13,0,0,2,Rural Roads,Dry,crossroad,Rain,Day,654391,1837936,16.61873308,100.4474292,Female,69,Injured,1071,1071,Sedan/Taxi
25524,100958,4,5,0,0,0,City road (municipality),Dry,crossroad,Rain,Day,675384,1868574,16.89411444,100.6465647,Female,14,Injured,1071,1071,pick up
30136,100953,4,15,60000,1,0,Highways Road,Dry,Curve,Rain,Day,685863,1889991,17.08680969,100.746704,Female,7,Injured,1071,1071,Sedan/Taxi
31257,100949,2,14,78000,1,0,Roads in Village,Dry,Curve,Rain,Day,688494,1883926,17.03179698,100.7709043,Male,41,Injured,1071,1071,Bus
35690,100948,11,12,45000,1,0,Roads in Village,Dry,Curve,Rain,Day,694525,1879639,16.99256294,100.8271692,Male,17,Injured,1071,1071,Bus
35715,100952,6,13,60000,1,0,Roads in Village,Wet,Curve,Rain,Day,694525,1879639,16.99256294,100.8271692,Male,15,Injured,1071,1071,Sedan/Taxi
35934,100955,8,13,65000,1,0,Roads in Village,Wet,Curve,Rain,Day,673470,1907998,17.25048572,100.6316952,Male,20,Injured,1071,1071,Sedan/Taxi
35935,100949,6,13,45000,1,0,Roads in Village,Dry,Curve,Rain,Day,673470,1907998,17.25048572,100.6316952,Male,26,Injured,1071,1071,pick up
37148,100952,8,13,0,1,0,Not specified,Dry,Curve,Rain,Day,697968,1898224,17.16018008,100.861162,Male,22,Died at the scene,1071,1071,motorcycle
37159,100954,1,16,0,1,1,Highways Road,Dry,Curve,Rain,Day,697968,1898224,17.16018008,100.861162,Male,22,Injured,1071,1071,Truck
37160,100954,1,16,0,1,1,Highways Road,Wet,Curve,Rain,Day,697968,1898224,17.16018008,100.861162,Male,22,Injured,1071,1071,Sedan/Taxi
37258,100948,8,13,0,1,0,Roads in Village,Wet,Curve,Rain,Day,659148,1894798,17.13225497,100.4960562,Male,20,Injured,1071,1071,Sedan/Taxi
37313,100587,4,5,0,0,0,Highways Road,Dry,Curve,Rain,Day,697360,1903705,17.2097514,100.8559414,Male,49,Injured,1071,1071,Truck
37987,100949,3,14,90000,1,0,City road (municipality),Dry,Curve,Rain,Day,684596,1886849,17.05852294,100.7345385,Male,19,Died at the scene,1071,1071,motorcycle
38633,100953,9,13,59000,1,0,Roads in Village,Wet,Curve,Rain,Day,686738,1923152,17.38635055,100.7577572,Male,15,Injured,1071,1071,Sedan/Taxi
42674,100949,8,13,59000,1,0,Roads in Village,Wet,Curve,Rain,Day,687910,1889755,17.08451076,100.7659146,Male,16,Injured,1071,1071,Sedan/Taxi
43101,100958,5,13,65000,1,0,Roads in Village,Wet,Curve,Rain,Day,667949,1847891,16.70776629,100.5752389,Male,41,Injured,1071,1071,Sedan/Taxi
43377,100949,5,13,60000,1,0,Roads in Village,Dry,Curve,Rain,Day,638412,1829362,16.54223441,100.2971348,Female,65,Injured,1071,1071,motorcycle
43579,100949,5,13,50000,1,0,Roads in Village,Wet,Curve,Rain,Day,699650,1893533,17.1176527,100.8765433,Male,33,Injured,1071,1071,Sedan/Taxi
21580,100962,8,14,59000,1,0,Roads in Village,Dry,Crosswalk,Rain,Day,687572,1862184,16.83542647,100.7604171,Male,7,Injured,1071,1071,motorcycle
43707,100952,5,13,60000,1,0,Roads in Village,Dry,Crosswalk,Rain,Day,634648,1859519,16.81499835,100.2636555,Female,60,Injured,1071,1071,motorcycle
104,100946,4,14,50000,1,0,Roads in Village,Dry,Straight way,Rain,Day,640141,1883512,17.03150512,100.3167032,Male,9,Injured,1071,1071,Van
220,100948,11,16,10000,1,0,Rural Roads,Dry,Straight way,Rain,Day,638003,1869199,16.90228401,100.2957318,Male,32,Died later,1071,1071,motorcycle
375,100534,4,14,3000000,3,2,Highways Road,Not specified,Straight way,Rain,Day,676509,1846072,16.69070266,100.6553601,Female,35,Injured,1071,1071,Sedan/Taxi
490,100959,6,13,0,1,0,City road (municipality),Not specified,Straight way,Rain,Day,622199,1854212,16.76771892,100.146553,Female,14,Injured,1071,1071,Bus
870,100952,4,17,1,1,0,Roads in Village,Dry,Straight way,Rain,Day,634784,1857139,16.79348124,100.2647891,Female,30,Injured,1071,1071,Bus
1200,100950,4,14,59000,1,0,Roads in Village,Dry,Straight way,Rain,Day,631687,1869103,16.90178319,100.2364345,Female,23,Injured,1071,1071,Bus
1421,100961,8,14,35000,0,1,Rural Roads,Waves / potholes,Straight way,Rain,Day,626698,1871073,16.91986497,100.189711,Male,45,Injured,1071,1071,motorcycle
1458,100954,4,14,71000,1,0,Highways Road,Dry,Straight way,Rain,Day,618447,1852827,16.75539401,100.1112814,Female,23,Injured,1071,1071,Sedan/Taxi
1504,100951,9,16,5000,1,0,Roads in Village,Dry,Straight way,Rain,Day,618447,1852827,16.75539401,100.1112814,Male,19,Injured,1071,1071,motorcycle
1558,100960,5,15,50000,1,0,Roads in Village,Waves / potholes,Straight way,Rain,Day,628881,1853063,16.75697635,100.2091725,Male,3,Injured,1071,1071,pick up
1559,100951,7,15,70000,1,0,Highways Road,Dry,Straight way,Rain,Day,618833,1852511,16.75251845,100.1148858,Male,72,Died later,1071,1071,motorcycle
1580,100965,6,13,0,1,0,City road (municipality),Waves / potholes,Straight way,Rain,Day,628881,1853063,16.75697635,100.2091725,Female,28,Injured,1071,1071,motorcycle
1583,100960,6,13,0,1,0,Highways Road,Waves / potholes,Straight way,Rain,Day,617301,1887823,17.07174359,100.1023688,Male,16,Injured,1071,1071,Truck
1736,100958,4,6,60000,0,0,City road (municipality),Dry,Straight way,Rain,Day,652688,1860230,16.82031357,100.4329708,Female,17,Died later,1071,1071,motorcycle
1774,100949,4,5,0,0,0,Roads in Village,Dry,Straight way,Rain,Day,675361,1832028,16.56388502,100.643516,Male,26,Died later,1071,1071,Sedan/Taxi
1775,100958,4,5,0,0,0,City road (municipality),Dry,Straight way,Rain,Day,648465,1897115,17.15391086,100.3958106,Male,49,Injured,1071,1071,motorcycle
1797,100955,4,7,0,0,0,Roads in Village,Dry,Straight way,Rain,Day,656568,1828717,16.53527838,100.4672025,Male,18,Injured,1071,1071,Van
1798,100955,4,7,0,0,0,Roads in Village,Dry,Straight way,Rain,Day,656568,1828717,16.53527838,100.4672025,Male,19,Injured,1071,1071,Sedan/Taxi
1939,100955,12,6,0,0,0,City road (municipality),Dry,Straight way,Rain,Day,679764,1899796,17.17588822,100.6902059,Female,14,Injured,1071,1071,motorcycle
1940,100950,12,6,0,0,0,Highways Road,Dry,Straight way,Rain,Day,641205,1833187,16.57663851,100.3235405,Male,58,Died later,1071,1071,motorcycle
2732,100949,3,14,20000,1,0,City road (municipality),Dry,Straight way,Rain,Day,641943,1880100,17.00056029,100.3334124,Male,17,Injured,1071,1071,motorcycle
2733,100949,3,14,8000,1,0,Roads in Village,Dry,Straight way,Rain,Day,625455,1882020,17.01886773,100.1786581,Male,48,Injured,1071,1071,motorcycle
2787,100956,4,17,10000,1,0,Highways Road,Dry,Straight way,Rain,Day,656594,1865204,16.86500333,100.4699668,Female,53,Injured,1071,1071,Sedan/Taxi
3114,100949,2,14,50000,1,0,Rural Roads,Dry,Straight way,Rain,Day,635485,1859776,16.81727256,100.2715247,Male,64,Died later,1071,1071,motorcycle
3155,100951,3,17,6500,1,0,Highways Road,Dry,Straight way,Rain,Day,628165,1853180,16.75807303,100.2024627,Female,15,Injured,1071,1071,pick up
3272,100959,6,13,0,1,0,Rural Roads,Waves / potholes,Straight way,Rain,Day,664491,1878170,16.98162351,100.5450332,Male,14,Injured,1071,0,motorcycle
3638,100948,5,15,60000,1,0,Rural Roads,Dry,Straight way,Rain,Day,672371,1829978,16.54557968,100.6153469,Female,67,Injured,1071,1071,Sedan/Taxi
3862,100949,8,14,100000,1,0,Highways Road,Dry,Straight way,Rain,Day,633908,1833561,16.5804421,100.2551785,Male,4,Injured,1071,1071,motorcycle
4023,100949,4,5,0,0,0,Roads in Village,Dry,Straight way,Rain,Day,653194,1859906,16.81735248,100.4376965,Male,60,Died later,1071,1071,Sedan/Taxi
4032,100957,12,6,0,0,0,Roads in Village,Dry,Straight way,Rain,Day,639656,1864426,16.85905028,100.3109514,Male,19,Injured,1071,1071,motorcycle
4262,100962,4,17,2000,1,0,Highways Road,Dry,Straight way,Rain,Day,646396,1880340,17.00245098,100.375251,Female,16,Injured,1071,1071,Sedan/Taxi
4371,100949,4,6,120000,0,0,Highways Road,Wet,Straight way,Rain,Day,696956,1892463,17.1082187,100.851136,Male,17,Injured,1071,1071,Sedan/Taxi
4526,100950,4,17,59000,2,0,Highways Road,Dry,Straight way,Rain,Day,692315,1881712,17.01147766,100.8065978,Male,17,Injured,1071,1071,motorcycle
4576,100949,4,17,10000,1,0,City road (municipality),Dry,Straight way,Rain,Day,692315,1881712,17.01147766,100.8065978,Male,17,Injured,1071,1071,motorcycle
5013,100950,4,17,59000,1,0,Roads in Village,Wet,Straight way,Rain,Day,663142,1843177,16.66550634,100.5298256,Male,51,Injured,1071,1071,motorcycle
5033,100965,4,17,5000,1,0,Not specified,Not specified,Straight way,Rain,Day,619317,1852641,16.7536688,100.1194329,Female,33,Injured,1071,1071,motorcycle
5034,100965,4,17,1000,1,0,Not specified,Dry,Straight way,Rain,Day,644198,1866474,16.87728146,100.3537104,Male,6,Injured,1071,1071,Sedan/Taxi
5191,100851,2,14,59000,1,0,Roads in Village,Dry,Straight way,Rain,Day,626817,1878913,16.99071344,100.1912746,Female,14,Injured,1071,1071,motorcycle
5310,100949,4,17,15000,3,0,Roads in Village,Dry,Straight way,Rain,Day,652832,1838716,16.62588327,100.432869,Male,24,Injured,1071,1071,motorcycle
5311,100949,4,17,15000,3,0,Roads in Village,Dry,Straight way,Rain,Day,652832,1838716,16.62588327,100.432869,Male,37,Injured,1071,1071,Sedan/Taxi
5779,100962,8,14,10000,1,0,Rural Roads,Wet,Straight way,Rain,Day,625756,1882031,17.01895074,100.1814862,Male,7,Injured,1071,1071,Sedan/Taxi
5943,100949,1,6,0,0,0,Rural Roads,Dry,Straight way,Rain,Day,672157,1843776,16.67027788,100.6143834,Male,25,Injured,1071,1071,motorcycle
6014,100949,3,17,8000,1,0,Highways Road,Dry,Straight way,Rain,Day,696947,1892463,17.10821947,100.8510514,Male,76,Injured,1071,1071,Bus
6023,100949,6,15,60000,1,0,Rural Roads,Dry,Straight way,Rain,Day,696947,1892463,17.10821947,100.8510514,Male,15,Injured,1071,1071,Sedan/Taxi
6032,100958,8,14,100000,1,0,Roads in Village,Wet,Straight way,Rain,Day,696947,1892463,17.10821947,100.8510514,Male,35,Injured,1071,1071,pick up
6079,100949,8,14,4000000,0,1,Roads in Village,Dry,Straight way,Rain,Day,696947,1892463,17.10821947,100.8510514,Female,60,Injured,1071,1071,motorcycle
6215,100956,1,6,5000,0,0,Roads in Village,Dry,Straight way,Rain,Day,628801,1867052,16.88340891,100.2092236,Male,19,Injured,1071,1071,motorcycle
6216,100957,1,6,5000,0,0,Roads in Village,Dry,Straight way,Rain,Day,651689,1859868,16.81710735,100.4235729,Male,43,Injured,1071,1071,motorcycle
6698,100958,4,5,0,0,0,City road (municipality),Wet,Straight way,Rain,Day,634292,1860714,16.82581868,100.2603864,Male,11,Injured,1071,1071,motorcycle
6787,100965,6,13,0,1,0,Highways Road,Wet,Straight way,Rain,Day,628021,1866588,16.87925852,100.2018754,Male,16,Injured,1071,1071,Sedan/Taxi
6837,100958,4,17,2000,1,0,City road (municipality),Dry,Straight way,Rain,Day,620292,1891231,17.10238943,100.1306594,Male,46,Injured,1071,1071,motorcycle
6889,100952,8,14,84200,1,0,Roads in Village,Dry,Straight way,Rain,Day,634887,1860354,16.82253086,100.2659482,Male,52,Died later,1071,1071,Sedan/Taxi
6896,100958,8,14,100000,1,0,Roads in Village,Wet,Straight way,Rain,Day,632798,1870974,16.91862904,100.2469753,Male,73,Died later,1071,1071,motorcycle
6920,100953,4,7,1500,0,0,Roads in Village,Dry,Straight way,Rain,Day,627129,1898364,17.16648475,100.1953245,Male,6,Injured,1071,1071,motorcycle
7303,100949,4,5,0,0,0,Roads in Village,Dry,Straight way,Rain,Day,680943,1818010,16.43679912,100.6947115,Male,12,Injured,1071,1071,motorcycle
7304,100949,4,5,0,0,0,Roads in Village,Dry,Straight way,Rain,Day,640263,1883219,17.02884982,100.3178307,Male,25,Injured,1071,1071,motorcycle
7318,100949,4,6,60000,0,0,City road (municipality),Dry,Straight way,Rain,Day,617921,1855311,16.77787108,100.106477,Male,3,Injured,1071,1071,motorcycle
7399,100958,4,6,0,0,0,Roads in Village,Wet,Straight way,Rain,Day,617921,1855311,16.77787108,100.106477,Male,75,Died later,1071,1071,pick up
7413,100949,4,6,60000,0,0,City road (municipality),Dry,Straight way,Rain,Day,617921,1855311,16.77787108,100.106477,Female,23,Injured,1071,1071,pick up
7490,100951,12,5,0,0,0,City road (municipality),Dry,Straight way,Rain,Day,644666,1870780,16.91616609,100.3583816,Male,73,Died later,1071,1071,motorcycle
7575,100949,4,5,0,0,0,Highways Road,Dry,Straight way,Rain,Day,639755,1884672,17.04201164,100.3131504,Male,44,Died later,1071,1071,motorcycle
7943,100949,4,6,64000,0,0,City road (municipality),Dry,Straight way,Rain,Day,628850,1882870,17.02636234,100.2105986,Female,13,Injured,1071,0,motorcycle
8069,100950,11,15,5000,1,0,Roads in Village,Dry,Straight way,Rain,Day,627122,1899360,17.17548641,100.1953163,Female,28,Injured,1071,0,Bus
8079,100950,2,14,4000,1,0,Roads in Village,Dry,Straight way,Rain,Day,627122,1899360,17.17548641,100.1953163,Male,9,Injured,1071,0,motorcycle
8206,100951,4,5,0,0,0,Not specified,Wet,Straight way,Rain,Day,627122,1899360,17.17548641,100.1953163,Male,69,Injured,1071,0,Sedan/Taxi
8207,100958,4,5,0,0,0,City road (municipality),Dry,Straight way,Rain,Day,627122,1899360,17.17548641,100.1953163,Female,30,Injured,1071,0,pick up
8208,100958,4,5,0,0,0,City road (municipality),Dry,Straight way,Rain,Day,627079,1883528,17.0324074,100.1939997,Female,12,Injured,1071,1071,motorcycle
8209,100958,4,5,0,0,0,City road (municipality),Wet,Straight way,Rain,Day,627079,1883528,17.0324074,100.1939997,Male,14,Injured,1071,1071,motorcycle
8210,100958,4,5,0,0,0,City road (municipality),Wet,Straight way,Bright,Day,637815,1832925,16.57447018,100.2917555,Male,54,Injured,1071,1071,motorcycle
8274,100948,3,14,4000,1,0,Rural Roads,Dry,Straight way,Bright,Day,639946,1879176,16.99233191,100.3145979,Male,15,Injured,1071,1071,motorcycle
8473,100953,8,14,4000000,0,1,Roads in Village,Dry,Straight way,Bright,Day,628343,1878963,16.99108101,100.2056099,Male,20,Injured,1071,0,motorcycle
8526,100949,4,5,0,0,0,Roads in Village,Wet,Straight way,Bright,Day,629532,1853574,16.76155872,100.2153086,Male,56,Died later,1071,1071,pick up
8587,100953,12,6,2000,0,0,Roads in Village,Dry,Straight way,Bright,Day,634429,1897965,17.16246097,100.2639261,Male,56,Injured,1071,1071,motorcycle
9382,100950,4,14,59000,1,0,Roads in Village,Dry,Straight way,Bright,Day,635426,1858744,16.80794931,100.270909,Female,21,Injured,1071,1071,motorcycle
10474,100955,1,6,0,0,0,Highways Road,Dry,Straight way,Bright,Day,680527,1830703,16.5515249,100.6918131,Male,10,Injured,1071,1071,Bus
11144,100951,4,5,0,0,0,Highways Road,Dry,Straight way,Bright,Day,674804,1832139,16.56492915,100.6383057,Female,16,Injured,1071,1071,pick up
11146,100951,4,5,0,0,0,Highways Road,Dry,Straight way,Bright,Day,677118,1829045,16.53679973,100.6597472,Female,15,Injured,1071,1071,pick up
11147,100951,4,5,0,0,0,Highways Road,Dry,Straight way,Bright,Day,677118,1829045,16.53679973,100.6597472,Female,15,Injured,1071,1071,Sedan/Taxi
11148,100951,4,5,0,0,0,Highways Road,Dry,Straight way,Bright,Day,677118,1829045,16.53679973,100.6597472,Female,15,Injured,1071,1071,Sedan/Taxi
11417,100958,4,14,5000,1,0,City road (municipality),Dry,Straight way,Bright,Day,640391,1883828,17.03434562,100.3190717,Female,27,Injured,1071,1071,motorcycle
11689,100955,4,5,0,0,0,Roads in Village,Dry,Straight way,Bright,Day,664135,1863269,16.84699837,100.5405953,Female,30,Injured,1071,1071,motorcycle
11690,100955,4,5,0,0,0,Roads in Village,Dry,Straight way,Bright,Day,664135,1863269,16.84699837,100.5405953,Female,14,Injured,1071,1071,Bus
11730,100964,4,14,22000,2,0,City road (municipality),Dry,Straight way,Bright,Day,625762,1859807,16.81809679,100.1802908,Female,50,Died later,1071,1071,motorcycle
11731,100964,4,14,22000,2,0,City road (municipality),Dry,Straight way,Bright,Day,625762,1859807,16.81809679,100.1802908,Female,45,Died later,1071,1071,motorcycle
13141,100953,1,15,60000,1,0,City road (municipality),Dry,Straight way,Bright,Day,626899,1883653,17.03354702,100.1923159,Female,18,Injured,1071,0,motorcycle
14167,100952,1,7,0,0,0,Highways Road,Dry,Straight way,Bright,Day,664135,1863269,16.84699837,100.5405953,Female,12,Injured,1071,1071,motorcycle
14278,100957,4,5,0,0,0,Roads in Village,Dry,Straight way,Bright,Day,649325,1835598,16.59792958,100.3997924,Male,20,Injured,1071,1071,motorcycle
14280,100958,4,5,0,0,0,Highways Road,Dry,Straight way,Bright,Day,695747,1891465,17.09930553,100.8396886,Female,15,Injured,1071,1071,Sedan/Taxi
14281,100958,4,5,0,0,0,City road (municipality),Dry,Straight way,Bright,Day,695747,1891465,17.09930553,100.8396886,Female,16,Injured,1071,1071,motorcycle
14294,100951,4,5,0,0,0,Highways Road,Dry,Straight way,Bright,Day,654391,1837936,16.61873308,100.4474292,Male,17,Injured,1071,1071,motorcycle
14464,100946,12,6,0,0,0,Roads in Village,Wet,Straight way,Bright,Day,664135,1863269,16.84699837,100.5405953,Male,28,Injured,1071,1071,motorcycle
14477,100950,12,6,0,0,0,City road (municipality),Dry,Straight way,Bright,Day,664135,1863269,16.84699837,100.5405953,Female,28,Injured,1071,1071,pick up
14753,100949,4,5,0,0,0,Highways Road,Dry,Straight way,Bright,Day,653222,1859762,16.81604934,100.4379494,Male,26,Injured,1071,1071,motorcycle
14782,100950,12,6,0,0,0,Roads in Village,Dry,Straight way,Bright,Day,628251,1884159,17.03804511,100.2050463,Male,43,Injured,1071,0,motorcycle
14783,100950,12,6,0,0,0,Roads in Village,Wet,Straight way,Bright,Day,639389,1879078,16.99147996,100.3093606,Female,43,Injured,1071,1071,motorcycle
14955,100950,8,13,59000,1,0,Roads in Village,Dry,Straight way,Bright,Day,634577,1859286,16.81289671,100.2629753,Male,20,Injured,1071,1071,Van
16541,100278,4,6,0,0,0,Highways Road,Dry,Straight way,Bright,Day,640446,1879480,16.99504885,100.3193131,Male,67,Died at the scene,1071,1071,motorcycle
16589,100947,3,14,3500,1,0,Roads in Village,Dry,Straight way,Bright,Day,639557,1878932,16.99015038,100.3109292,Male,15,Injured,1071,1071,pick up
17329,100949,1,6,0,0,0,City road (municipality),Dry,Straight way,Bright,Day,623503,1854500,16.77025342,100.158802,Male,16,Died later,1071,0,motorcycle
17356,100949,4,7,4000,0,0,City road (municipality),Wet,Straight way,Bright,Day,664135,1863269,16.84699837,100.5405953,Male,4,Injured,1071,1071,motorcycle
17357,100949,1,6,0,0,0,City road (municipality),Wet,Straight way,Bright,Day,664135,1863269,16.84699837,100.5405953,Male,24,Injured,1071,1071,Sedan/Taxi
17485,100952,1,7,0,0,0,Roads in Village,Dry,Straight way,Bright,Day,697024,1915066,17.31242212,100.8538085,Male,33,Injured,1071,1071,pick up
17486,100951,1,6,0,0,0,Highways Road,Dry,Straight way,Bright,Day,697024,1915066,17.31242212,100.8538085,Female,27,Injured,1071,1071,Sedan/Taxi
17508,100949,1,6,0,0,0,Rural Roads,Dry,Straight way,Bright,Day,697024,1915066,17.31242212,100.8538085,Female,7,Injured,1071,1071,Sedan/Taxi
17588,100956,4,7,3000,0,0,Roads in Village,Dry,Straight way,Bright,Day,680894,1866049,16.87087696,100.6980742,Male,57,Injured,1071,1071,pick up
17766,100949,4,5,0,0,0,City road (municipality),Wet,Straight way,Bright,Day,608809,1860667,16.82672152,100.0212464,Male,30,Injured,1071,1071,motorcycle
17767,100949,4,5,0,0,0,City road (municipality),Dry,Straight way,Bright,Day,634911,1860137,16.82056834,100.2661603,Male,30,Died later,1071,1071,motorcycle
17834,100953,1,6,0,0,0,Not specified,Dry,Straight way,Bright,Day,654391,1837936,16.61873308,100.4474292,Female,37,Injured,1071,1071,motorcycle
17835,100949,1,6,0,0,0,City road (municipality),Dry,Straight way,Bright,Day,653543,1862193,16.83799677,100.4411273,Male,35,Died later,1071,1071,motorcycle
17857,100958,4,6,60000,0,0,Highways Road,Dry,Straight way,Bright,Day,619812,1890194,17.09304246,100.126092,Female,42,Injured,1071,0,pick up
17858,100949,4,6,1500,0,0,City road (municipality),Dry,Straight way,Bright,Day,670371,1864439,16.85712309,100.5992,Female,18,Injured,1071,1071,pick up
18315,100949,4,6,60000,0,0,Rural Roads,Dry,Straight way,Bright,Day,627734,1899746,17.17894069,100.2010925,Female,50,Injured,1071,1071,motorcycle
19613,100949,12,6,0,0,0,Roads in Village,Dry,Straight way,Bright,Day,654391,1837936,16.61873308,100.4474292,Male,4,Injured,1071,1071,Sedan/Taxi
20009,100951,2,14,2000,1,0,Rural Roads,Dry,Straight way,Bright,Day,664135,1863269,16.84699837,100.5405953,Female,14,Injured,1071,1071,Sedan/Taxi
20336,100958,4,5,0,0,0,City road (municipality),Dry,Straight way,Bright,Day,674449,1872147,16.92647015,100.6380682,Female,40,Injured,1071,1071,pick up
20419,100949,2,14,70000,1,0,City road (municipality),Dry,Straight way,Bright,Day,672661,1841492,16.64960228,100.6189347,Male,44,Injured,1071,1071,motorcycle
20428,100958,4,6,60000,0,0,Roads in Village,Dry,Straight way,Bright,Day,672661,1841492,16.64960228,100.6189347,Female,8,Injured,1071,0,motorcycle
20434,100958,4,5,0,0,0,City road (municipality),Wet,Straight way,Bright,Day,637161,1832091,16.56697072,100.2855766,Male,19,Injured,1071,1071,motorcycle
20557,100946,4,6,0,0,0,Highways Road,Dry,Straight way,Bright,Day,671589,1829727,16.54336817,100.6080018,Male,63,Injured,1071,1071,Bus
21300,100958,4,6,65000,0,0,Highways Road,Dry,Straight way,Bright,Day,653222,1861321,16.83013777,100.4380556,Male,79,Injured,1071,1071,motorcycle
21500,100949,8,13,59000,1,0,City road (municipality),Wet,Straight way,Bright,Day,653222,1861321,16.83013777,100.4380556,Male,4,Injured,1071,1071,Sedan/Taxi
21509,100959,8,14,10000,1,0,Highways Road,Wet,Straight way,Bright,Day,629048,1853739,16.76307666,100.2107777,Male,7,Injured,1071,1071,motorcycle
21823,100951,11,14,100000,1,0,Rural Roads,Dry,Straight way,Bright,Day,675169,1833101,16.57359504,100.6417992,Male,20,Injured,1071,1071,motorcycle
21989,100958,4,5,0,0,0,City road (municipality),Dry,Straight way,Bright,Day,619352,1891212,17.10226683,100.1218242,Female,16,Injured,1071,0,motorcycle
22048,100949,8,15,60000,1,0,Rural Roads,Dry,Straight way,Bright,Day,619352,1891212,17.10226683,100.1218242,Female,17,Injured,1071,1071,motorcycle
22080,100956,1,7,650,0,0,Highways Road,Dry,Straight way,Bright,Day,672100,1830312,16.54861747,100.6128331,Male,14,Injured,1071,1071,motorcycle
23386,100955,8,14,70000,1,0,Roads in Village,Dry,Straight way,Bright,Day,635651,1860118,16.82035374,100.273103,Female,15,Injured,1071,1071,motorcycle
23985,100955,8,15,5000,1,0,Roads in Village,Dry,Straight way,Bright,Day,638412,1829362,16.54223441,100.2971348,Female,9,Injured,1071,1071,Bus
24004,100963,12,14,50000,1,0,Roads in Village,Wet,Straight way,Bright,Day,634406,1860715,16.82582115,100.2614562,Female,17,Injured,1071,1071,Sedan/Taxi
24065,100949,3,14,59800,1,0,City road (municipality),Wet,Straight way,Bright,Day,638412,1829362,16.54223441,100.2971348,Male,6,Injured,1071,1071,motorcycle
24165,100950,12,14,60000,1,0,Roads in Village,Dry,Straight way,Bright,Day,638412,1829362,16.54223441,100.2971348,Male,41,Injured,1071,1071,Sedan/Taxi
24167,100950,12,14,90000,1,0,City road (municipality),Dry,Straight way,Bright,Day,641412,1859515,16.81456234,100.3271225,Female,28,Injured,1071,1071,motorcycle
24425,100952,2,14,80000,1,0,Highways Road,Dry,Straight way,Bright,Day,664135,1863269,16.84699837,100.5405953,Female,19,Injured,1071,1071,pick up
25443,100949,7,15,70000,1,0,City road (municipality),Dry,Straight way,Bright,Day,664135,1863269,16.84699837,100.5405953,Female,16,Injured,1071,1071,pick up
25463,100958,4,5,0,0,0,City road (municipality),Dry,Straight way,Bright,Day,634758,1860444,16.82335169,100.2647431,Female,19,Died later,1071,1071,motorcycle
25660,100956,12,5,0,0,0,Roads in Village,Dry,Straight way,Bright,Day,632722,1862151,16.83889547,100.2457388,Male,20,Injured,1071,1071,Van
25778,100958,4,6,500000,0,0,City road (municipality),Dry,Straight way,Bright,Day,664135,1863269,16.84699837,100.5405953,Male,41,Injured,1071,1071,motorcycle
25779,100950,4,6,60000,0,0,Rural Roads,Dry,Straight way,Bright,Day,627889,1866455,16.87806378,100.2006288,Male,72,Died later,1071,1071,motorcycle
26030,100949,4,6,65000,0,0,City road (municipality),Dry,Straight way,Bright,Day,640373,1882647,17.02367389,100.3188278,Male,14,Injured,1071,1071,motorcycle
26220,100955,1,7,0,0,0,Roads in Village,Dry,Straight way,Bright,Day,640373,1882647,17.02367389,100.3188278,Male,14,Injured,1071,1071,motorcycle
26424,100950,1,7,0,0,0,Highways Road,Dry,Straight way,Bright,Day,653222,1859762,16.81604934,100.4379494,Male,20,Injured,1071,1071,motorcycle
26433,100950,1,7,0,0,0,Highways Road,Dry,Straight way,Bright,Day,654781,1858592,16.80537345,100.4524963,Male,43,Injured,1071,1071,Bus
26646,100949,4,6,65000,0,0,Rural Roads,Dry,Straight way,Bright,Day,670371,1886654,17.05785876,100.6008992,Male,54,Injured,1071,1071,motorcycle
26857,100951,2,14,8000,1,0,Roads in Village,Dry,Straight way,Bright,Day,664859,1840697,16.64297625,100.5457424,Male,7,Injured,1071,1071,Sedan/Taxi
26952,100949,2,14,92100,1,0,Highways Road,Dry,Straight way,Bright,Day,614647,1882878,17.02718515,100.0771742,Female,37,Injured,1071,1071,pick up
26977,100952,2,14,89000,1,0,Roads in Village,Dry,Straight way,Bright,Day,653222,1859762,16.81604934,100.4379494,Male,29,Injured,1071,1071,motorcycle
27602,100952,4,14,0,1,0,Highways Road,Dry,Straight way,Bright,Day,664135,1863269,16.84699837,100.5405953,Female,13,Injured,1071,1071,Sedan/Taxi
27664,100949,11,15,10000,1,0,Rural Roads,Dry,Straight way,Bright,Day,664135,1863269,16.84699837,100.5405953,Male,20,Injured,1071,1071,motorcycle
27865,100948,8,14,20000,1,0,Roads in Village,Dry,Straight way,Bright,Day,643600,1863657,16.8518608,100.3479171,Male,22,Died later,1071,1071,Sedan/Taxi
28225,100949,6,13,59000,1,0,Roads in Village,Dry,Straight way,Bright,Day,635151,1860387,16.82281382,100.2684274,Male,30,Injured,1071,1071,Van
28330,100952,8,14,60000,1,0,Roads in Village,Dry,Straight way,Bright,Day,656456,1828699,16.53512309,100.4661519,Female,62,Injured,1071,1071,motorcycle
28392,100950,3,14,60000,1,0,Roads in Village,Dry,Straight way,Bright,Day,656456,1828699,16.53512309,100.4661519,Male,71,Injured,1071,1071,pick up
28601,100949,8,13,59000,1,0,Roads in Village,Dry,Straight way,Bright,Day,674646,1831992,16.56361246,100.6368141,Female,18,Injured,1071,1071,motorcycle
28691,100946,4,15,5000,1,0,City road (municipality),Wet,Straight way,Bright,Day,599767,1843845,16.67507915,99.93564659,Male,76,Injured,1071,1071,motorcycle
29285,100949,1,7,30000,0,0,City road (municipality),Dry,Straight way,Bright,Day,623369,1898853,17.17111028,100.1600041,Male,64,Injured,1071,0,motorcycle
29287,100958,1,7,0,0,0,Highways Road,Wet,Straight way,Bright,Day,635718,1851839,16.74552842,100.2732331,Male,25,Injured,1071,1071,Truck
29963,100949,10,12,59000,1,0,Roads in Village,Wet,Straight way,Bright,Day,625996,1882554,17.0236643,100.1837703,Male,49,Injured,1071,1071,Sedan/Taxi
30122,100950,4,13,59000,1,0,Highways Road,Dry,Straight way,Bright,Day,675066,1832299,16.56635562,100.6407727,Male,17,Injured,1071,1071,motorcycle
33606,100534,9,15,500000,2,0,Highways Road,Not specified,Straight way,Bright,Day,624530,1854690,16.77191622,100.1684471,Male,26,Injured,1071,1071,Sedan/Taxi
37709,100949,4,14,0,0,2,Highways Road,Dry,Straight way,Bright,Day,639975,1888852,17.07977335,100.3154817,Male,20,Injured,1071,1068,motorcycle
37710,100949,4,14,0,0,2,Highways Road,Dry,Straight way,Bright,Day,639975,1888852,17.07977335,100.3154817,Male,39,Injured,1071,1071,motorcycle
38538,100949,8,13,59000,1,0,Roads in Village,Dry,Straight way,Bright,Day,699288,1897799,17.15622568,100.8735284,Female,13,Injured,1071,1071,motorcycle
38933,100952,9,13,59000,1,0,Roads in Village,Wet,Straight way,Bright,Day,673131,1836094,16.60079027,100.6229302,Male,10,Injured,1071,1071,pick up
38937,100947,9,13,59000,1,0,Roads in Village,Dry,Straight way,Bright,Day,635569,1845699,16.69004643,100.2714678,Female,56,Injured,1071,1071,Bus
39070,100949,3,14,60500,1,0,City road (municipality),Wet,Straight way,Bright,Day,638671,1893718,17.12382702,100.303535,Male,15,Injured,1071,1071,motorcycle
39092,100949,8,13,59000,1,0,City road (municipality),Dry,Straight way,Bright,Day,633833,1859718,16.81684368,100.25602,Female,24,Injured,1071,1071,pick up
39214,100952,2,14,1000,1,0,Rural Roads,Dry,Straight way,Bright,Day,678032,1824088,16.49193939,100.6679252,Male,15,Injured,1071,1071,motorcycle
39448,100949,2,14,4000000,0,1,City road (municipality),Dry,Straight way,Bright,Day,678032,1824088,16.49193939,100.6679252,Male,15,Injured,1071,1071,motorcycle
39463,100949,9,13,59000,1,0,Roads in Village,Dry,Straight way,Bright,Day,694196,1889738,17.08383415,100.8249654,Male,71,Injured,1071,1071,motorcycle
40235,100949,8,13,45000,1,0,Roads in Village,Dry,Straight way,Bright,Day,618917,1852266,16.75029987,100.1156609,Male,24,Injured,1071,1071,motorcycle
40421,100950,12,12,45000,1,0,Roads in Village,Dry,Straight way,Bright,Day,652652,1860220,16.82022556,100.4326324,Male,48,Died later,1071,1071,Sedan/Taxi
42658,100955,7,13,0,2,0,Highways Road,Dry,Straight way,Bright,Day,676363,1811872,16.38167649,100.6513602,Male,45,Died later,1071,1071,motorcycle
42661,100949,8,13,59000,1,0,Roads in Village,Dry,Straight way,Bright,Day,664859,1840697,16.64297625,100.5457424,Female,13,Injured,1071,1071,Bus
43064,100949,5,13,50000,1,0,Roads in Village,Dry,Straight way,Bright,Day,689232,1878237,16.9803354,100.7773505,Male,16,Injured,1071,1071,motorcycle
43248,100954,1,13,4000,1,0,Roads in Village,Dry,Straight way,Bright,Day,668989,1827619,16.52450564,100.583488,Male,86,Injured,1071,1071,motorcycle
43352,100949,1,13,9000,1,0,City road (municipality),Wet,Straight way,Bright,Day,672749,1837729,16.61559247,100.6194741,Male,46,Injured,1071,1071,motorcycle
43356,100954,3,13,45000,1,0,Roads in Village,Dry,Straight way,Bright,Day,635757,1860169,16.82080848,100.2741007,Female,25,Injured,1071,1071,motorcycle
43555,100965,2,14,0,1,0,Rural Roads,Not specified,Straight way,Bright,Day,676509,1846072,16.69070266,100.6553601,Female,5,Injured,1071,1071,Sedan/Taxi
43576,100951,5,13,55000,1,0,Roads in Village,Dry,Straight way,Bright,Day,653222,1861321,16.83013777,100.4380556,Female,16,Injured,1071,1071,Bus
43577,100949,5,13,50000,1,0,Roads in Village,Dry,Straight way,Bright,Day,645525,1888908,17.07993444,100.3676335,Male,19,Injured,1071,1071,motorcycle
43588,100952,5,13,60000,1,0,Roads in Village,Wet,Straight way,Bright,Day,619262,1852723,16.75441272,100.1189213,Male,21,Injured,1071,1071,Sedan/Taxi
43650,100949,5,13,65000,1,0,Roads in Village,Dry,Straight way,Bright,Day,650129,1862129,16.83764074,100.4090869,Male,69,Injured,1071,1071,motorcycle
47222,100952,12,12,60000,1,0,Roads in Village,Wet,Straight way,Bright,Day,619418,1852660,16.75383538,100.1203814,Male,21,Injured,1071,1071,Sedan/Taxi
1581,100963,6,13,0,1,0,Not specified,Not specified,crossroad,Bright,Day,634512,1860388,16.82285978,100.2624314,Male,30,Died later,1071,1071,motorcycle
27031,100534,4,14,20000,1,0,Highways Road,Not specified,Curve,Bright,Day,612715,1862233,16.84068981,100.057981,Male,52,Injured,1071,1071,motorcycle
31485,100961,4,14,0,1,0,Roads in Village,Not specified,Curve,Bright,Day,670371,1827486,16.5232052,100.5964244,Male,21,Injured,1071,1071,Sedan/Taxi
1892,100959,6,13,0,1,0,Highways Road,Waves / potholes,Crosswalk,Bright,Day,622594,1855597,16.78021579,100.1503339,Male,48,Injured,1071,1071,motorcycle
1960,100965,6,13,0,1,0,Rural Roads,Waves / potholes,Straight way,Bright,Day,675022,1826487,16.51384031,100.6399166,Female,32,Injured,1071,1071,motorcycle
2537,100949,4,14,40000,1,0,Highways Road,Dry,Straight way,Bright,Day,619234,1852759,16.75473952,100.1186605,Male,20,Injured,1071,1071,Truck
3492,100962,6,13,0,1,0,City road (municipality),Not specified,Straight way,Bright,Day,619422,1853424,16.76074023,100.1204593,Female,38,Injured,1071,1071,pick up
3660,100964,4,17,15000,1,0,Roads in Village,Not specified,Straight way,Bright,Day,619422,1853424,16.76074023,100.1204593,Female,14,Injured,1071,1071,Sedan/Taxi
4353,100952,4,5,0,0,0,Highways Road,Dry,Straight way,Bright,Day,673673,1834573,16.58700645,100.6278937,Female,52,Injured,1071,1071,Sedan/Taxi
5494,100422,4,17,1000,1,0,Highways Road,Not specified,Straight way,Not specified,Day,619422,1853424,16.76074023,100.1204593,Female,1,Injured,1071,1071,motorcycle
8525,100958,4,5,0,0,0,Highways Road,Dry,Straight way,Not specified,Day,677094,1829094,16.53724429,100.6595262,Male,14,Injured,1071,1071,motorcycle
27275,100948,3,14,100000,1,0,Roads in Village,Dry,Straight way,Not specified,Day,622464,1892452,17.1133094,100.1511395,Male,49,Injured,1071,1071,pick up
3241,100959,6,13,0,1,0,Highways Road,Waves / potholes,crossroad,Rain,Electric light at night,616174,1851769,16.74594546,100.0899043,Female,18,Injured,1071,1071,Sedan/Taxi
5728,100959,12,16,0,2,0,Roads in Village,Dry,crossroad,Rain,Electric light at night,629833,1856543,16.78837497,100.2183032,Female,23,Injured,1071,1071,motorcycle
9094,100963,12,14,50000,1,0,Roads in Village,Wet,crossroad,Rain,Electric light at night,695738,1892117,17.10519697,100.839662,Female,65,Injured,1071,1071,Sedan/Taxi
10824,100534,8,14,0,1,0,Highways Road,Wet,crossroad,Rain,Electric light at night,680385,1899510,17.17325512,100.6960194,Male,20,Injured,1071,1071,Sedan/Taxi
26359,100957,4,6,60000,0,0,Roads in Village,Dry,Curve,Rain,Electric light at night,680626,1816184,16.42032319,100.6916006,Male,22,Injured,1071,1071,Sedan/Taxi
3704,100960,6,13,0,1,0,Rural Roads,Dry,Straight way,Rain,Electric light at night,627944,1858865,16.80946469,100.2007123,Male,35,Died later,1071,1071,motorcycle
3809,100959,6,13,0,1,0,Highways Road,Dry,Straight way,Rain,Electric light at night,626095,1863735,16.85357913,100.1836362,Male,20,Died later,1071,1071,motorcycle
4354,100952,4,5,0,0,0,Highways Road,Dry,Straight way,Rain,Electric light at night,634858,1863006,16.84649993,100.2658353,Male,18,Injured,1071,1071,Truck
6335,100958,4,7,0,0,0,City road (municipality),Dry,Straight way,Rain,Electric light at night,627289,1855288,16.77717242,100.1943642,Male,30,Injured,1071,1071,motorcycle
8148,100962,8,14,6000,1,0,Highways Road,Dry,Straight way,Rain,Electric light at night,634148,1860004,16.81941033,100.2589928,Male,26,Died later,1071,1071,motorcycle
11618,100949,12,6,0,0,0,City road (municipality),Dry,Straight way,Rain,Electric light at night,627289,1855288,16.77717242,100.1943642,Female,30,Injured,1071,1071,motorcycle
19203,100959,6,15,35000,1,0,Rural Roads,Wet,Straight way,Rain,Electric light at night,633149,1858046,16.801772,100.2495028,Male,25,Injured,1071,1071,motorcycle
4009,100958,1,6,0,0,0,City road (municipality),Dry,Straight way,Smoke / dust,Electric light at night,618914,1852730,16.75449367,100.1156572,Male,42,Injured,1071,1071,motorcycle
25985,100960,8,14,10000,1,0,Rural Roads,Wet,Straight way,Smoke / dust,Electric light at night,633112,1857538,16.79718302,100.2491256,Male,27,Injured,1071,1071,motorcycle
39539,100952,6,13,59000,1,0,Roads in Village,Dry,Straight way,Smoke / dust,Electric light at night,693912,1867106,16.87937865,100.820324,Male,30,Injured,1071,1071,motorcycle
5729,100959,12,16,0,2,0,Roads in Village,Dry,crossroad,Rain,Electric light at night,634768,1860188,16.82103751,100.2648216,Male,32,Injured,1071,1071,Sedan/Taxi
20064,100946,4,14,5000,1,0,Highways Road,Dry,crossroad,Rain,Electric light at night,641561,1833408,16.57861456,100.3268904,Male,4,Injured,1071,1071,Truck
20090,100949,2,14,2000,1,0,City road (municipality),Dry,crossroad,Rain,Electric light at night,641561,1833408,16.57861456,100.3268904,Male,50,Injured,1071,1071,motorcycle
25464,100958,4,5,0,0,0,City road (municipality),Dry,crossroad,Rain,Electric light at night,631689,1869084,16.90161137,100.2364522,Male,21,Died later,1071,1071,pick up
30593,100949,1,13,6000,1,0,Roads in Village,Dry,Curve,Rain,Electric light at night,662413,1863087,16.84547439,100.5244234,Female,10,Injured,1071,1071,motorcycle
43386,100949,5,13,50000,1,0,Roads in Village,Dry,Curve,Rain,Electric light at night,655044,1867046,16.88175274,100.4555477,Male,40,Injured,1071,1071,pick up
194,100950,4,17,59000,1,0,Highways Road,Dry,Straight way,Rain,Electric light at night,635090,1860028,16.8195729,100.2678334,Female,30,Died later,1071,1071,motorcycle
1076,100950,2,14,4000000,0,1,City road (municipality),Dry,Straight way,Rain,Electric light at night,641819,1859893,16.81795373,100.3309652,Male,34,Injured,1071,1071,motorcycle
1959,100959,6,13,0,1,0,Highways Road,Waves / potholes,Straight way,Rain,Electric light at night,643089,1909259,17.26399725,100.3460714,Male,27,Injured,1071,1071,motorcycle
2866,100956,2,14,4000000,0,1,City road (municipality),Dry,Straight way,Rain,Electric light at night,657237,1867244,16.88339473,100.4761445,Male,43,Injured,1071,1071,motorcycle
2986,100433,4,17,1000,1,0,City road (municipality),Waves / potholes,Straight way,Rain,Electric light at night,676826,1809850,16.36337102,100.65554,Male,15,Injured,1071,1071,motorcycle
3897,100949,4,5,0,0,0,City road (municipality),Wet,Straight way,Rain,Electric light at night,633041,1861285,16.83105078,100.2486811,Male,35,Injured,1071,1071,motorcycle
4024,100949,4,5,0,0,0,Roads in Village,Wet,Straight way,Rain,Electric light at night,618308,1853172,16.75851916,100.1099956,Male,64,Injured,1071,1071,pick up
4421,100949,4,14,0,1,0,City road (municipality),Dry,Straight way,Rain,Electric light at night,634458,1860251,16.82162476,100.2619164,Male,50,Died later,1071,1071,motorcycle
4973,100952,3,17,3500,1,0,Highways Road,Dry,Straight way,Rain,Electric light at night,633986,1860264,16.82176939,100.2574882,Male,29,Died later,1071,1071,motorcycle
5944,100953,4,6,45000,0,0,Roads in Village,Dry,Straight way,Rain,Electric light at night,634377,1859985,16.81922544,100.2611405,Male,39,Died later,1071,1071,Sedan/Taxi
6445,100955,12,6,0,0,0,Highways Road,Dry,Straight way,Rain,Electric light at night,639643,1833110,16.57603516,100.3088977,Female,22,Injured,1071,1071,Sedan/Taxi
6446,100952,12,6,0,0,0,City road (municipality),Dry,Straight way,Rain,Electric light at night,633653,1865882,16.87256118,100.2546981,Male,25,Died later,1071,1071,pick up
7317,100949,4,5,0,0,0,Roads in Village,Dry,Straight way,Rain,Electric light at night,627096,1890084,17.09165644,100.1945362,Male,15,Injured,1071,1071,pick up
7415,100958,12,6,60000,0,0,City road (municipality),Dry,Straight way,Rain,Electric light at night,680553,1828655,16.53301722,100.6918953,Female,18,Injured,1071,1071,pick up
8170,100953,12,6,3000,0,0,City road (municipality),Dry,Straight way,Rain,Electric light at night,633952,1860566,16.82450067,100.2571871,Male,17,Died later,1071,1071,motorcycle
14762,100950,12,6,0,0,0,Roads in Village,Dry,Straight way,Bright,Electric light at night,635898,1852558,16.75201597,100.2749647,Male,43,Injured,1071,1071,Van
17483,100956,1,7,1000,0,0,Highways Road,Dry,Straight way,Bright,Electric light at night,650697,1851486,16.74142367,100.413705,Male,60,Died later,1071,1071,motorcycle
17510,100949,1,6,0,0,0,Roads in Village,Dry,Straight way,Bright,Electric light at night,672478,1843563,16.66832969,100.6173765,Male,24,Injured,1071,1071,pick up
19638,100950,12,6,0,0,0,Roads in Village,Dry,Straight way,Bright,Electric light at night,702740,1893796,17.11975745,100.9055993,Female,19,Injured,1071,1071,motorcycle
20329,100949,2,14,600000,1,0,City road (municipality),Dry,Straight way,Bright,Electric light at night,631243,1856996,16.79239032,100.2315583,Male,19,Injured,1071,1071,motorcycle
20337,100949,4,5,0,0,0,City road (municipality),Dry,Straight way,Bright,Electric light at night,633522,1859005,16.81041772,100.2530594,Female,28,Injured,1071,1071,pick up
20363,100953,4,6,4150000,0,0,Highways Road,Dry,Straight way,Bright,Electric light at night,633522,1859005,16.81041772,100.2530594,Female,23,Injured,1071,1071,pick up
20364,100953,4,6,4150000,0,0,Highways Road,Dry,Straight way,Bright,Electric light at night,699955,1893654,17.11871928,100.8794199,Female,17,Injured,1071,1071,motorcycle
20366,100956,4,6,120000,0,0,Highways Road,Dry,Straight way,Bright,Electric light at night,631243,1856996,16.79239032,100.2315583,Female,29,Injured,1071,1071,motorcycle
22269,100953,1,7,4000000,0,0,Rural Roads,Dry,Straight way,Bright,Electric light at night,618739,1852391,16.75143865,100.1139977,Male,19,Injured,1071,1071,Sedan/Taxi
22270,100946,1,7,0,0,0,City road (municipality),Dry,Straight way,Bright,Electric light at night,618739,1852391,16.75143865,100.1139977,Male,69,Injured,1071,1071,motorcycle
23402,100955,11,14,30000,1,0,City road (municipality),Wet,Straight way,Bright,Electric light at night,675160,1833114,16.57371318,100.6417159,Male,40,Injured,1071,1071,motorcycle
23592,100946,12,14,4000000,0,1,Roads in Village,Dry,Straight way,Bright,Electric light at night,675160,1833114,16.57371318,100.6417159,Male,19,Injured,1071,1071,Sedan/Taxi
26223,100951,1,7,0,0,0,Highways Road,Dry,Straight way,Bright,Electric light at night,638412,1829362,16.54223441,100.2971348,Female,34,Injured,1071,1071,pick up
26270,100947,4,6,62000,0,0,Rural Roads,Dry,Straight way,Bright,Electric light at night,635253,1859156,16.81168278,100.2693105,Male,23,Injured,1071,1071,motorcycle
27315,100949,1,15,0,1,0,Highways Road,Dry,Straight way,Bright,Electric light at night,618896,1851502,16.74339586,100.1154237,Male,32,Injured,1071,1071,Truck
29154,100952,6,13,61000,1,0,Roads in Village,Wet,Straight way,Bright,Electric light at night,644677,1866881,16.88092981,100.3582326,Male,69,Injured,1071,1071,Sedan/Taxi
29267,100949,1,7,1200,0,0,Rural Roads,Dry,Straight way,Bright,Electric light at night,634530,1858836,16.80883254,100.2625074,Female,51,Injured,1071,1071,Sedan/Taxi
30115,100949,6,13,59000,1,0,Highways Road,Dry,Straight way,Bright,Electric light at night,634532,1858846,16.8089228,100.2625268,Male,19,Injured,1071,1071,motorcycle
34990,100951,8,13,0,1,0,Roads in Village,Dry,Straight way,Bright,Electric light at night,631319,1862489,16.84202963,100.2325921,Female,23,Injured,1071,1071,motorcycle
37188,100954,8,13,59000,1,0,Roads in Village,Wet,Straight way,Bright,Electric light at night,657947,1865232,16.86516493,100.4826665,Male,64,Injured,1071,1071,Sedan/Taxi
37466,100949,8,13,59000,1,0,Roads in Village,Dry,Straight way,Bright,Electric light at night,640269,1859753,16.81678216,100.3164126,Male,18,Died later,1071,1071,Sedan/Taxi
37591,100952,8,13,59000,1,0,Roads in Village,Wet,Straight way,Bright,Electric light at night,634916,1861527,16.83313015,100.2662907,Male,50,Died later,1071,1071,Sedan/Taxi
40240,100949,6,13,59000,1,0,Roads in Village,Dry,Straight way,Bright,Electric light at night,618192,1850188,16.73155541,100.1087513,Male,20,Died later,1071,1071,Sedan/Taxi
43066,100949,11,12,50000,1,0,Roads in Village,Dry,Straight way,Bright,Electric light at night,632440,1866846,16.88134272,100.2433697,Male,30,Died later,1071,1071,Sedan/Taxi
46743,100949,6,13,50000,1,0,Roads in Village,Dry,Straight way,Bright,Electric light at night,633925,1860566,16.82450222,100.2569338,Male,18,Died later,1071,1071,Sedan/Taxi
47226,100952,6,13,59000,1,0,Roads in Village,Wet,Straight way,Bright,Electric light at night,637084,1867911,16.89069835,100.2870258,Male,31,Injured,1071,1071,pick up
1584,100960,6,13,0,1,0,Highways Road,Waves / potholes,Straight way,Bright,Electric light at night,619868,1896426,17.14936237,100.1269574,Male,16,Injured,1071,1071,Sedan/Taxi
1720,100958,4,5,0,0,0,City road (municipality),Dry,Straight way,Bright,Electric light at night,628380,1856359,16.78679224,100.2046605,Female,21,Injured,1071,1071,motorcycle
1726,100949,4,6,59000,0,0,City road (municipality),Dry,Straight way,Bright,Electric light at night,628380,1856359,16.78679224,100.2046605,Male,26,Injured,1071,1071,motorcycle
3464,100963,6,13,0,1,0,Not specified,Not specified,Straight way,Bright,Electric light at night,624422,1888249,17.07521902,100.1693046,Male,22,Injured,1071,1071,Sedan/Taxi
6679,100962,6,13,0,1,0,City road (municipality),Dry,Straight way,Not specified,Electric light at night,625103,1882778,17.02573737,100.1753943,Female,52,Injured,1071,1071,pick up
6711,100963,6,13,0,1,0,Not specified,Not specified,Straight way,Not specified,Electric light at night,618878,1852584,16.75317594,100.1153118,Male,19,Injured,1071,1071,Sedan/Taxi
6935,100948,12,6,0,0,0,Highways Road,Dry,Straight way,Not specified,Electric light at night,640639,1880991,17.0086922,100.3212214,Male,23,Died later,1071,1071,motorcycle
16657,100949,2,14,5000,1,0,City road (municipality),Dry,Straight way,Not specified,Electric light at night,641965,1842933,16.6646719,100.3312698,Female,50,Injured,1071,1071,motorcycle
20432,100958,4,5,0,0,0,City road (municipality),Dry,Straight way,Not specified,Electric light at night,641371,1878393,16.98516904,100.3279314,Female,68,Died later,1071,1071,motorcycle
20433,100958,4,5,0,0,0,City road (municipality),Dry,Straight way,Not specified,Electric light at night,641371,1878393,16.98516904,100.3279314,Male,69,Injured,1071,1071,motorcycle
38556,100952,8,13,59000,1,0,Roads in Village,Wet,Straight way,Rain,Electric light at night,631080,1859104,16.81145078,100.2301517,Male,22,Injured,1071,1071,Sedan/Taxi
38693,100954,8,13,59000,1,0,Roads in Village,Dry,Straight way,Bright,Electric light at night,631248,1856998,16.79240811,100.2316053,Male,17,Injured,1071,1071,pick up
41191,100949,9,13,59000,1,0,Roads in Village,Dry,Straight way,Bright,Electric light at night,626688,1886540,17.05965003,100.1904989,Male,45,Died later,1071,1071,Sedan/Taxi
30354,100949,6,13,59000,1,0,Roads in Village,Dry,Curve,Rain,Night without electric light,696419,1892313,17.10690955,100.8460774,Male,26,Injured,1071,1071,Sedan/Taxi
19552,100959,8,14,50000,1,0,Roads in Village,Wet,Straight way,Rain,Night without electric light,672953,1911578,17.28287273,100.6271175,Female,33,Injured,1071,1071,Sedan/Taxi
33537,100960,9,14,10000,1,0,Rural Roads,Dry,Straight way,Rain,Night without electric light,618715,1852283,16.75046375,100.1137669,Female,55,Injured,1071,1071,motorcycle
39707,100959,5,15,30000,1,0,Rural Roads,Wet,Straight way,Rain,Night without electric light,618715,1852283,16.75046375,100.1137669,Male,27,Injured,1071,1071,motorcycle
1422,100959,8,14,10000,1,0,Roads in Village,Waves / potholes,crossroad,Smoke / dust,Night without electric light,681727,1824450,16.49493155,100.7025601,Male,60,Injured,1071,1071,Sedan/Taxi
41074,100954,3,14,60000,1,0,Roads in Village,Dry,Curve,Smoke / dust,Night without electric light,634318,1833127,16.57649652,100.2589954,Male,24,Injured,1071,1071,pick up
4883,100954,8,15,70000,1,0,Rural Roads,Dry,Straight way,Smoke / dust,Night without electric light,614374,1851295,16.74174985,100.0729955,Male,40,Injured,1071,1071,Sedan/Taxi
5566,100950,1,6,15000,0,0,Highways Road,Dry,crossroad,Rain,Night without electric light,674463,1832030,16.5639693,100.6351024,Male,22,Died later,1071,1071,motorcycle
5942,100949,1,6,0,0,0,Rural Roads,Dry,crossroad,Rain,Night without electric light,674463,1832030,16.5639693,100.6351024,Male,22,Died later,1071,1071,motorcycle
8442,100955,1,6,5000,0,0,Roads in Village,Wet,crossroad,Rain,Night without electric light,633843,1859312,16.81317387,100.2560897,Male,46,Injured,1071,1071,Sedan/Taxi
10969,100955,1,6,0,0,0,Highways Road,Dry,crossroad,Rain,Night without electric light,695912,1884500,17.03636409,100.8406216,Male,49,Injured,1071,1071,pick up
17277,100882,4,7,20000,0,0,Highways Road,Dry,crossroad,Rain,Night without electric light,704181,1953397,17.6580701,100.9247621,Male,34,Injured,1071,1071,Truck
17418,100949,4,5,0,0,0,City road (municipality),Wet,crossroad,Rain,Night without electric light,699451,1904177,17.2138336,100.8756401,Male,41,Injured,1071,1071,motorcycle
20750,100943,4,5,0,0,0,Rural Roads,Dry,crossroad,Rain,Night without electric light,669783,1915628,17.31970702,100.597619,Male,18,Injured,1071,1071,motorcycle
20751,100943,4,5,0,0,0,Rural Roads,Dry,crossroad,Rain,Night without electric light,669783,1915628,17.31970702,100.597619,Male,18,Injured,1071,1071,motorcycle
25457,100958,4,6,65000,0,0,Highways Road,Dry,crossroad,Rain,Night without electric light,671135,1827991,16.52771374,100.6036189,Male,22,Injured,1071,1071,pick up
30260,100952,6,13,59000,1,0,Roads in Village,Dry,Curve,Rain,Night without electric light,639922,1882757,17.0246954,100.3145983,Male,23,Injured,1071,1071,Van
35421,100887,8,13,5000000,0,1,Rural Roads,Dry,Curve,Rain,Night without electric light,652656,1860850,16.82591852,100.4327127,Male,27,Died later,1071,1071,motorcycle
35688,100949,9,13,59000,1,0,City road (municipality),Dry,Curve,Rain,Night without electric light,652656,1860850,16.82591852,100.4327127,Male,25,Died later,1071,1071,pick up
41010,100949,10,15,1000,1,0,City road (municipality),Wet,Curve,Rain,Night without electric light,687907,1865606,16.86631855,100.7638467,Male,12,Injured,1071,1071,motorcycle
41054,100951,3,14,84200,1,0,Roads in Village,Dry,Curve,Rain,Night without electric light,687907,1865606,16.86631855,100.7638467,Female,67,Injured,1071,1071,motorcycle
41326,100951,3,14,50000,1,0,Rural Roads,Dry,Curve,Rain,Night without electric light,707847,1905977,17.22934434,100.9547344,Male,21,Injured,1071,1071,motorcycle
3696,100892,4,17,5000,1,0,City road (municipality),Dry,There are obstacles.,Rain,Night without electric light,633201,1864834,16.86311581,100.2503933,Female,43,Injured,1071,1071,pick up
26221,100955,1,7,0,0,0,Roads in Village,Dry,There are obstacles.,Rain,Night without electric light,694090,1883572,17.02813395,100.8234287,Male,34,Injured,1071,1071,pick up
3084,100959,6,13,0,1,0,Highways Road,Waves / potholes,Straight way,Rain,Night without electric light,602361,1849807,16.72885559,99.9602408,Male,44,Injured,1071,1071,motorcycle
6098,100954,3,17,60000,1,0,Highways Road,Dry,Straight way,Rain,Night without electric light,646212,1919802,17.3590717,100.3761529,Male,29,Injured,1071,1071,Truck
6933,100949,4,6,65000,0,0,City road (municipality),Wet,Straight way,Rain,Night without electric light,638379,1890770,17.09720328,100.3006056,Male,64,Injured,1071,1071,motorcycle
7576,100949,4,5,0,0,0,Highways Road,Dry,Straight way,Rain,Night without electric light,644709,1868800,16.89827,100.3586571,Male,39,Injured,1071,1071,Truck
12805,100210,4,14,50000,1,0,Highways Road,Wet,Straight way,Bright,Night without electric light,633865,1858644,16.80713554,100.2562563,Male,26,Injured,1071,1071,Sedan/Taxi
17511,100954,1,6,0,0,0,Roads in Village,Dry,Straight way,Bright,Night without electric light,652538,1860783,16.82532077,100.4316009,Male,42,Injured,1071,1071,pick up
17760,100952,4,7,0,0,0,Highways Road,Dry,Straight way,Bright,Night without electric light,652832,1853136,16.75619646,100.4338407,Male,35,Injured,1071,1071,motorcycle
21299,100955,4,6,0,0,0,City road (municipality),Dry,Straight way,Bright,Night without electric light,626931,1884139,17.03793751,100.1926444,Male,38,Injured,1071,1071,motorcycle
22202,100950,11,14,70000,1,0,City road (municipality),Dry,Straight way,Bright,Night without electric light,643000,1912163,17.29024571,100.3454248,Male,40,Injured,1071,1071,motorcycle
22211,100949,12,14,60000,1,0,Roads in Village,Dry,Straight way,Bright,Night without electric light,643000,1912163,17.29024571,100.3454248,Male,66,Died at the scene,1071,1071,motorcycle
25525,100958,4,5,0,0,0,City road (municipality),Dry,Straight way,Bright,Night without electric light,634150,1863557,16.85152045,100.2592238,Male,65,Injured,1071,1071,motorcycle
27017,100954,2,14,59800,1,0,Roads in Village,Wet,Straight way,Bright,Night without electric light,628536,1881664,17.01548064,100.207579,Male,18,Injured,1071,1071,Sedan/Taxi
27120,100950,2,14,70000,1,0,Highways Road,Dry,Straight way,Bright,Night without electric light,628536,1881664,17.01548064,100.207579,Male,24,Injured,1071,1071,Bus
30518,100953,10,15,5000,1,0,Rural Roads,Dry,Straight way,Bright,Night without electric light,679956,1867541,16.88443096,100.6893918,Male,39,Injured,1071,1071,motorcycle
37528,100948,8,13,0,1,0,Roads in Village,Wet,Straight way,Bright,Night without electric light,655775,1830762,16.55381114,100.4599121,Male,48,Died later,1071,1071,motorcycle
40896,100946,1,16,5000,1,0,Roads in Village,Wet,Straight way,Bright,Night without electric light,615739,1864394,16.86007284,100.0864731,Male,47,Injured,1071,1071,Sedan/Taxi
41535,100947,4,14,87000,1,0,Roads in Village,Dry,Straight way,Bright,Night without electric light,649325,1835598,16.59792958,100.3997924,Male,35,Died later,1071,1071,Sedan/Taxi
43381,100952,5,13,50000,1,0,Roads in Village,Dry,Straight way,Bright,Night without electric light,651313,1846542,16.69670505,100.419152,Female,55,Injured,1071,1071,motorcycle
43568,100949,11,12,50000,1,0,Roads in Village,Wet,Straight way,Bright,Night without electric light,625105,1897590,17.15960149,100.1762528,Male,70,Injured,1071,1071,Sedan/Taxi
11005,100949,3,17,2500,1,0,Highways Road,Dry,crossroad,Bright,Night without electric light,627660,1899778,17.17923402,100.2003986,Male,18,Injured,1071,0,motorcycle
17463,100954,1,7,30000,0,0,Rural Roads,Dry,crossroad,Bright,Night without electric light,620098,1890700,17.09760058,100.1288072,Male,21,Died later,1071,1071,motorcycle
38427,100959,7,13,0,1,0,Highways Road,Not specified,Curve,Bright,Night without electric light,618667,1852637,16.75366565,100.1133352,Female,58,Died later,1071,1071,motorcycle
101,100947,4,14,50000,1,0,Roads in Village,Dry,Straight way,Bright,Night without electric light,640703,1880955,17.00836296,100.3218203,Male,38,Died later,1071,1071,Sedan/Taxi
376,100534,4,14,3000000,3,2,Highways Road,Not specified,Straight way,Bright,Night without electric light,622921,1854335,16.7687928,100.153333,Male,49,Injured,1071,1071,Sedan/Taxi
377,100534,4,14,3000000,3,2,Highways Road,Not specified,Straight way,Bright,Night without electric light,616376,1851770,16.74594448,100.0917992,Male,23,Injured,1071,1071,Sedan/Taxi
1780,100958,4,6,59000,0,0,City road (municipality),Dry,Straight way,Bright,Night without electric light,695059,1891220,17.0971506,100.8332034,Female,1,Injured,1071,1071,motorcycle
1796,100949,4,6,60000,0,0,Roads in Village,Dry,Straight way,Bright,Night without electric light,695059,1891220,17.0971506,100.8332034,Male,1,Injured,1071,1071,pick up
1802,100959,4,17,5000,1,0,Roads in Village,Not specified,Straight way,Bright,Night without electric light,618978,1852703,16.7542464,100.1162561,Female,19,Died later,1071,1071,motorcycle
2371,100959,9,16,30000,1,0,Roads in Village,Waves / potholes,Straight way,Bright,Night without electric light,620594,1851812,16.74611095,100.1313678,Male,22,Injured,1071,1071,Sedan/Taxi
3985,100948,8,14,78000,1,0,Roads in Village,Wet,Straight way,Bright,Night without electric light,619880,1853750,16.76366323,100.1247731,Male,40,Injured,1071,1071,Sedan/Taxi
4352,100949,4,5,0,0,0,City road (municipality),Dry,Straight way,Bright,Night without electric light,673992,1833619,16.57836248,100.6308103,Male,38,Injured,1071,1071,motorcycle
4474,100954,4,6,118000,0,0,City road (municipality),Dry,Straight way,Not specified,Night without electric light,638589,1833411,16.57881733,100.2990384,Male,24,Injured,1071,1071,motorcycle
5928,100965,8,14,10000,1,0,Roads in Village,Not specified,Straight way,Not specified,Night without electric light,618978,1852703,16.7542464,100.1162561,Male,21,Injured,1071,1071,Sedan/Taxi
7414,100958,12,6,60000,0,0,City road (municipality),Dry,Straight way,Not specified,Night without electric light,637133,1834007,16.58428845,100.2854292,Female,2,Died later,1071,1071,motorcycle
26969,100450,4,14,10000,1,1,Rural Roads,Not specified,Straight way,Not specified,Night without electric light,618951,1852657,16.75383202,100.1160004,Female,3,Injured,1071,1071,motorcycle
36650,100949,8,13,59000,1,0,Roads in Village,Dry,Straight way,Not specified,Night without electric light,633683,1901176,17.1915232,100.2571089,Male,26,Died later,1071,1071,Sedan/Taxi
37311,100587,4,5,0,0,0,Highways Road,Dry,Straight way,Not specified,Night without electric light,638095,1898492,17.16700487,100.2984213,Male,37,Injured,1071,1071,Truck
